"AY","ultimate","dev_used","exposure","pure_premium","years_to_latest","pure_premium_trended"
1988,614,10,10107939,6.07443317574433e-05,9,9.42343958160817e-05
1989,NA,10,11273079,NA,8,NA
1990,NA,10,12635305,NA,7,NA
1991,NA,10,13888032,NA,6,NA
1992,NA,10,15195554,NA,5,NA
1993,NA,10,16367985,NA,4,NA
1994,NA,10,17696504,NA,3,NA
1995,NA,10,18844853,NA,2,NA
1996,NA,10,19553861,NA,1,NA
1997,NA,10,20038602,NA,0,NA
